"id","details","operator","operator_circle","price","validity","categories"
25,Talktime: Rs.7.47,Airtel,andra-pradesh-telangana,"10",N.A.,Talktime
26,Enjoy ISD calling at discounted rates for 28 days,Airtel,andra-pradesh-telangana,"18","28 days",Talktime
27,Data: 1GB | Validity: 1 Day,Airtel,andra-pradesh-telangana,"19","1 days",Data
28,Talktime: Rs.14.95,Airtel,andra-pradesh-telangana,"20",N.A.,Talktime
29,Data : 2 GB | Validity : 1 Day (till midnight) Only for customers with active validity,Airtel,andra-pradesh-telangana,"29","1 days",Data
30,Data : 6 GB | Validity : 1 Day (till midnight),Airtel,andra-pradesh-telangana,"49","1 days",Data
31,"3 GB Data | Validity:Same as your existing pack|Pack Applicable for Active Bundle and Smart Pack Users",Airtel,andra-pradesh-telangana,"58",N.A.,Data
32,"4 GB Data | Validity same as your existing bundle /smart pack",Airtel,andra-pradesh-telangana,"65",N.A.,Data
33,Data : 5 GB |Validity : Same as your existing pack|Wynk Premium subscription for 30days ; Wynk Music Premium : Music | Hellotunes | Podcasts | LIVE Concerts|Pack Applicable for Active Bundle and Smart Pack Users,Airtel,andra-pradesh-telangana,"98",N.A.,"Data,Entertainment"
34,"Data: Unlimited data,Validity: 1 Day",Airtel,andra-pradesh-telangana,"99","1 days",Data
35,Talktime: Rs.81.75,Airtel,andra-pradesh-telangana,"100",N.A.,Talktime
36,"12 GB Data |Validity : Same as your existing pack| Pack Applicable for Active Bundle and Smart Pack Users",Airtel,andra-pradesh-telangana,"118",N.A.,Data
37,"Xstream Mobile Data Pack : 15GB Data | Additional Benefits: Airtel Xstream Play (Unlock 15+ OTTs)Enjoy 28 Days FREE access to 15+ OTTs such as Sony LIV, Lionsgate Play, Fancode, Eros Now, hoichoi, ManoramaMAX, and many more on Airtel Xstream Play | Watch smashing hits on your mobile, tablet or TV|Validity : Same as your existing pack| Pack Applicable for Active Bundle and Smart Pack Users",Airtel,andra-pradesh-telangana,"148",N.A.,"Data,Entertainment"
38,"Data: 1GB|Validity: Same as your existing pack|Details: Pack Applicable for Active Bundle and Smart Pack Users|Airtel Xstream Play (Unlock 15+ OTTs)Enjoy 30 Days FREE access to 15+ OTTs such as Sony LIV, Lionsgate Play, Fancode, Eros Now, hoichoi, ManoramaMAX, and many more on Airtel Xstream Play | Watch smashing hits on your mobile, tablet or TV",Airtel,andra-pradesh-telangana,"149",N.A.,"Data,Entertainment"
39,"Calls : Unlimited local, STD & Roaming | Data : 1GB | SMS : 300|Free Hellotunes : Set any song as Hellotune for Free | Wynk Music Free : Music, Hellotunes, LIVE Concerts & Podcasts",Airtel,andra-pradesh-telangana,"155","24 days","Combo,Entertainment,Truly_unlimited"
40,"Calls : Unlimited local, STD & Roaming | Data : 2GB | SMS : 300 | Free Hellotunes : Set any song as Hellotune for Free | Wynk Music Free : Music, Hellotunes, LIVE Concerts & Podcasts",Airtel,andra-pradesh-telangana,"179","28 days","Combo,Entertainment,Truly_unlimited"
41,Data: 1GB/day| Validity: 30 days,Airtel,andra-pradesh-telangana,"181","30 days",Data
42,"Calls : Unlimited local STD & Roaming | Data : 3GB | SMS : 300 | Talktime : Rs 5 | Free Hellotunes : Set any song as Hellotune for Free| Wynk Music Free : Music, Hellotunes, LIVE Concerts & Podcasts",Airtel,andra-pradesh-telangana,"199","30 days","Combo,Entertainment,Truly_unlimited"
43,"Calls : Unlimited Local, STD & Roaming | Data : 1GB/day | SMS : 100 SMS/day | Free Hellotunes : Set any song as Hellotune for Free | Wynk Music Free : Music, Hellotunes, LIVE Concerts & Podcasts",Airtel,andra-pradesh-telangana,"209","21 days","Combo,Entertainment,Truly_unlimited"
44,"Calls : Unlimited | Data : 1GB/day | SMS : 100/day | Validity : 24 days | Unlimited 5G Data : Unlimited 5G Data is over and above your plan limit and can be used in 5G Network areas only |Free Hellotunes : Set any song as Hellotune for Free ; Wynk Music Free : Music, Hellotunes, LIVE Concerts & Podcasts",Airtel,andra-pradesh-telangana,"239","24 days","Combo,Entertainment,Truly_unlimited"
45,"Calls : Unlimited local STD & Roaming | Data : 1GB/Day | SMS : 100/Day |Unlimited 5G Data : Unlimited 5G Data is over and above your plan limit and can be used in 5G Network areas only |Free Hellotunes : Set any song as Hellotune for Free | Wynk Music Free : Music, Hellotunes, LIVE Concerts & Podcasts",Airtel,andra-pradesh-telangana,"265","28 days","Combo,Entertainment,Truly_unlimited"
46,"Calls : Unlimited local, STD & Roaming | Data : 4GB | SMS : 300 |Apollo 24|7 Circle : 3 Months, at No Cost|Free Hellotunes : Set any song as Hellotune for Free|Wynk Music Free : Music, Hellotunes, LIVE Concerts & Podcasts",Airtel,andra-pradesh-telangana,"289","35 days","Combo,Entertainment,Truly_unlimited"
47,"Calls : Unlimited local STD & Roaming | Data : 25GB | SMS : 100 SMS/day |Unlimited 5G Data : Unlimited 5G Data is over and above your plan limit and can be used in 5G Network areas only|Apollo 24|7 Circle : 3 Months, at No Cost|Free Hellotunes : Set any song as Hellotune for Free|Wynk Music Free : Music, Hellotunes, LIVE Concerts & Podcasts",Airtel,andra-pradesh-telangana,"296","30 days","Combo,Entertainment,Truly_unlimited"
48,"Calls : Unlimited | Data : 1.5GB/Day | SMS : 100/day | Validity : 28 days|Unlimited 5G Data : Unlimited 5G Data is over and above your plan limit and can be used in 5G Network areas only|Apollo 24|7 Circle : 3 Months, at No Cost|Free Hellotunes : Set any song as Hellotune for Free|Wynk Music Free : Music, Hellotunes, LIVE Concerts & Podcasts",Airtel,andra-pradesh-telangana,"299","28 days","Combo,Entertainment,Truly_unlimited"
49,Data : 50GB |Validity:Same as your existing Pack | Wynk Premium subscription for 1Year ; Wynk Music Premium : Music | Hellotunes | Podcasts | LIVE Concerts,Airtel,andra-pradesh-telangana,"301",N.A.,"Combo,Entertainment,Truly_unlimited"
50,"Calls : Unlimited local STD & Roaming | Data : 2GB/day | SMS : 100 SMS/day | Validity : 1 Month |UNLIMITED 5G data (over & above plan limit), claim on Airtel Thanks App,Unlimited 5G Data : Unlimited 5G Data is over and above your plan limit and can be used in 5G Network areas only| Apollo 24|7 Circle : 3 Months, at No Cost |Free Hellotunes : Set any song as Hellotune for Free|Wynk Music Free : Music, Hellotunes, LIVE Concerts & Podcasts",Airtel,andra-pradesh-telangana,"319","32 days","Combo,Entertainment,Truly_unlimited"
51,"Calls : Unlimited local STD & Roaming | Data : 2GB/Day | SMS : 100/Day|Talktime : Rs 5|Validity : 1 Month|Unlimited 5G Data : Unlimited 5G Data is over and above your plan limit and can be used in 5G Network areas only|Airtel Xstream Play (Unlock 15+ OTTs)Enjoy 28 Days FREE access to 15+ OTTs such as Sony LIV, Lionsgate Play, Fancode, Eros Now, hoichoi, ManoramaMAX, and many more on Airtel Xstream Play | Watch smashing hits on your mobile, tablet or TV|Apollo 24|7 Circle : 3 Months, at No Cost|Free Hellotunes : Set any song as Hellotune for Free|Wynk Music Free : Music, Hellotunes, LIVE Concerts & Podcasts",Airtel,andra-pradesh-telangana,"359","32 days","Combo,Entertainment,Truly_unlimited"
52,"Calls : Unlimited local STD & Roaming | Data : 3GB/Day | SMS : 100/Day |Unlimited 5G Data : Unlimited 5G Data is over and above your plan limit and can be used in 5G Network areas only|Airtel Xstream Play (Unlock 15+ OTTs)Enjoy 28 Days FREE access to 15+ OTTs such as Sony LIV, Lionsgate Play, Fancode, Eros Now, hoichoi, ManoramaMAX, and many more on Airtel Xstream Play | Watch smashing hits on your mobile, tablet or TV|Apollo 24|7 Circle : 3 Months, at No Cost|Free Hellotunes : Set any song as Hellotune for Free ; Wynk Music Free : Music, Hellotunes, LIVE Concerts & Podcasts",Airtel,andra-pradesh-telangana,"399","28 days","Combo,Entertainment,Truly_unlimited"
53,"Calls : Unlimited local, STD & Roaming | Data : 6GB | SMS : 900 |Apollo 24|7 Circle : 3 Months, at No Cost|Free Hellotunes : Set any song as Hellotune for Free|Wynk Music Free : Music, Hellotunes, LIVE Concerts & Podcasts",Airtel,andra-pradesh-telangana,"455","84 days","Combo,Entertainment,Truly_unlimited"
54,"Calls : Unlimited local STD & Roaming | Data : 1.5GB/Day | SMS : 100/Day | : UNLIMITED 5G data (over & above plan limit), claim on Airtel Thanks App | ; Unlimited 5G Data : Unlimited 5G Data is over and above your plan limit and can be used in 5G Network areas only|Apollo 24|7 Circle : 3 Months, at No Cost|Set any song as Hellotune for Free|Wynk Music Free : Music, Hellotunes, LIVE Concerts & Podcasts",Airtel,andra-pradesh-telangana,"479","56 days","Combo,Entertainment,Truly_unlimited"
55,"Data: 50GB|Calls: Unlimited local STD & Roaming|SMS: 300SMS|Additional Benefits: Unlimited 5G Data : Unlimited 5G Data is over and above your plan limit and can be used in 5G Network areas only | Apollo 24|7 CircleApollo3 Months, at No Cost |Hello TunesSet any song as Hellotune for Free|Wynk Music FreeWynkMusic, Hellotunes, LIVE Concerts & Podcasts",Airtel,andra-pradesh-telangana,"489","30 days","Combo,Entertainment,Truly_unlimited"
56,"Calls : Unlimited local STD & Roaming | Data : 3GB/Day | SMS : 100/Day|Unlimited 5G Data : Unlimited 5G Data is over and above your plan limit and can be used in 5G Network areas only| Disney+ Hotstar Mobile for 3 months : Subscription worth Rs 149 | Watch Live Sports, Movies, Exclusive Hotstar Specials & more|Airtel Xstream Play (Unlock 15+ OTTs)Enjoy 28 Days FREE access to 15+ OTTs such as Sony LIV, Lionsgate Play, Fancode, Eros Now, hoichoi, ManoramaMAX, and many more on Airtel Xstream Play | Watch smashing hits on your mobile, tablet or TV|Apollo 24|7 Circle : 3 Months, at No Cost|Free Hellotunes : Set any song as Hellotune for Free|Wynk Music Free : Music, Hellotunes, LIVE Concerts & Podcasts",Airtel,andra-pradesh-telangana,"499","28 days","Combo,Entertainment,Truly_unlimited"
57,Talktime: Rs.423.73,Airtel,andra-pradesh-telangana,"500",N.A.,Talktime
58,"Data: 60GB|Calls: Unlimited local STD & Roaming|Validity: 1 month|SMS: 300 SMS| Additional Benefits: Unlimited 5G Data :Unlimited 5G Data is over and above your plan limit and can be used in 5G Network areas only|Apollo 24|7 Circle : Apollo 3 Months, at No Cost|Hello TunesSet any song as Hellotune for Free|Wynk Music FreeWynkMusic, Hellotunes, LIVE Concerts & Podcasts",Airtel,andra-pradesh-telangana,"509","32 days","Combo,Entertainment,Truly_unlimited"
59,"Calls : Unlimited local STD & Roaming calls on any network in India | Data : 1.5GB/day | SMS : 100 per day |UNLIMITED 5G data (over & above plan limit), claim on Airtel Thanks App | ; Unlimited 5G Data : Unlimited 5G Data is over and above your plan limit and can be used in 5G Network areas only|Apollo 24|7 Circle : 3 Months, at No Cost|Free Hellotunes : Set any song as Hellotune for Free|Wynk Music Free : Music, Hellotunes, LIVE Concerts & Podcasts",Airtel,andra-pradesh-telangana,"519","60 days","Combo,Entertainment,Truly_unlimited"
60,"Calls : Unlimited Local STD & Roaming | Data : 2GB/Day | SMS : 100/Day |Unlimited 5G Data : Unlimited 5G Data is over and above your plan limit and can be used in 5G Network areas only|Apollo 24|7 Circle : 3 Months, at No Cost|Free Hellotunes : Set any song as Hellotune for Free|Wynk Music Free : Music, Hellotunes, LIVE Concerts & Podcasts",Airtel,andra-pradesh-telangana,"549","56 days","Combo,Entertainment,Truly_unlimited"
61,"International Roaming:500 MB Data, 100mins IC+OG (India + Local), 10 SMS (covers-US, Europe, Gulf & | more - Set1) 250 MB Data, 50mins IC+OG (India + Local), 5 SMS (covers-Africa, maldives & | more - Set2) | More covered countries: visit www.Airtel.in/IR",Airtel,andra-pradesh-telangana,"649","1 days",International_roaming
62,"Calls : Unlimited | Data : 1.5GB/day | SMS : 100/day |Unlimited 5G Data : Unlimited 5G Data is over and above your plan limit and can be used in 5G Network areas only| Apollo 24|7 Circle : 3 Months, at No Cost ; Free Hellotunes : Set any song as Hellotune for Free|Wynk Music Free : Music, Hellotunes, LIVE Concerts & Podcasts",Airtel,andra-pradesh-telangana,"666","77 days","Combo,Entertainment,Truly_unlimited"
63,"Calls : Unlimited local STD & Roaming | Data : 3GB/Day | SMS : 100/Day |Unlimited 5G Data : Unlimited 5G Data is over and above your plan limit and can be used in 5G Network areas only|Amazon Prime Membership : Enjoy Amazon Prime for 56 days included with your plan |Airtel Xstream Play (Unlock 15+ OTTs)Enjoy 56 Days FREE access to 15+ OTTs such as Sony LIV, Lionsgate Play, Fancode, Eros Now, hoichoi, ManoramaMAX, and many more on Airtel Xstream Play | Watch smashing hits on your mobile, tablet or TV|Apollo 24|7 Circle : 3 Months, at No Cost|Free Hellotunes : Set any song as Hellotune for Free|Wynk Music Free : Music, Hellotunes, LIVE Concerts & Podcasts",Airtel,andra-pradesh-telangana,"699","56 days","Combo,Entertainment,Truly_unlimited"
64,"Calls : Truly unlimited Local STD & Roaming calls | Data : 1.5GB/day | SMS : 100 per day |UNLIMITED 5G data (over & above plan limit), claim on Airtel Thanks App | ; Unlimited 5G Data : Unlimited 5G Data is over and above your plan limit and can be used in 5G Network areas only|RewardsMini Subscription : Save more with Airtel Payments Bank ; Apollo 24|7 Circle : 3 Months, at No Cost|Free Hellotunes : Set any song as Hellotune for Free ; Wynk Music Free : Music, Hellotunes, LIVE Concerts & Podcasts",Airtel,andra-pradesh-telangana,"719","84 days","Combo,Entertainment,Truly_unlimited"
65,"International Roaming Pack :1 GB Data (covers-US, Europe, Gulf & | more - Set1) 500 MB Data (covers-Africa, Maldives & | more - Set2) | More covered countries: visit www.Airtel.in/IR",Airtel,andra-pradesh-telangana,"755","5 days",International_roaming
66,"International Roaming : 100mins IC+OG (India + Local) - (covers-US, Europe, Gulf & | more - Set1) 50mins IC+OG (India + Local) - (covers-Africa, Maldives & | more - Set2) | More covered countries: visit www.Airtel.in/IR",Airtel,andra-pradesh-telangana,"756","5 days",International_roaming
67,"Calls : Unlimited local STD & Roaming calls on any network in India | Data : 1.5GB/day | SMS : 100 per day | Details : UNLIMITED 5G data (over & above plan limit), claim on Airtel Thanks App | ; Unlimited 5G Data : Unlimited 5G Data is over and above your plan limit and can be used in 5G Network areas only|Apollo 24|7 Circle : 3 Months, at No Cost|Free Hellotunes : Set any song as Hellotune for Free|Wynk Music Free : Music, Hellotunes, LIVE Concerts & Podcasts",Airtel,andra-pradesh-telangana,"779","90 days","Combo,Entertainment,Truly_unlimited"
68,"Calls : Unlimited local STD & Roaming | Data : 2GB/day | SMS : 100SMS/day | Unlimited 5G Data : Unlimited 5G Data is over and above your plan limit and can be used in 5G Network areas only| Disney+ Hotstar Mobile for 3 months : Subscription worth Rs 149 | Watch Live Sports, Movies, Exclusive Hotstar Specials & more|Airtel Xstream Play (Unlock 15+ OTTs)Enjoy 84 Days FREE access to 15+ OTTs such as Sony LIV, Lionsgate Play, Fancode, Eros Now, hoichoi, ManoramaMAX, and many more on Airtel Xstream Play | Watch smashing hits on your mobile, tablet or TV| RewardsMini Subscription : Save more with Airtel Payments Bank|Apollo 24|7 Circle : 3 Months, at No Cost|Free Hellotunes : Set any song as Hellotune for Free | Wynk Music Free : Music, Hellotunes, LIVE Concerts & Podcasts",Airtel,andra-pradesh-telangana,"839","84 days","Combo,Entertainment,Truly_unlimited"
69,"International Roaming : 1 GB Data, 100mins IC+OG (India + Local), 20 SMS (covers-US, Europe, Gulf & | more - Set1) 500 MB Data, 50mins IC+OG (India + Local), 10 SMS (covers-Africa, Maldives & | more - Set2) | More covered countries: visit www.Airtel.in/IR",Airtel,andra-pradesh-telangana,"899","10 days",International_roaming
70,"Calls : Unlimited Local STD & Roaming calls | Data : 2.5GB/day | SMS : 100 per day |Amazon Prime Membership : Enjoy Amazon Prime for 84 days included with your plan|Airtel Xstream Play (Unlock 15+ OTTs)Enjoy 84 Days FREE access to 15+ OTTs such as Sony LIV, Lionsgate Play, Fancode, Eros Now, hoichoi, ManoramaMAX, and many more on Airtel Xstream Play | Watch smashing hits on your mobile, tablet or TV| Unlimited 5G DataUnlimited 5G Data is over and above your plan limit and can be used in 5G Network areas only|RewardsMini Subscription : Save more with Airtel Payments Bank|Apollo 24|7 Circle : 3 Months, at No Cost|Free Hellotunes : Set any song as Hellotune for Free ; Wynk Music Free : Music, Hellotunes, LIVE Concerts & Podcasts",Airtel,andra-pradesh-telangana,"999","84 days","Combo,Entertainment,Truly_unlimited"
71,Talktime: Rs.847.46,Airtel,andra-pradesh-telangana,"1000",N.A.,Talktime
72,"Calls : Unlimited local, STD & Roaming | Data : 24 GB | SMS : 3600 |Apollo 24|7 Circle : 3 Months, at No Cost|Free Hellotunes : Set any song as Hellotune for Free ; Wynk Music Free : Music, Hellotunes, LIVE Concerts & Podcasts",Airtel,andra-pradesh-telangana,"1799","365 days","Combo,Entertainment,Truly_unlimited,Annual"
73,"International Roaming : 2 GB Data, 100mins IC+OG (India + Local), 20 SMS (covers-US, Europe, Gulf & | more - Set1) 1 GB Data, 50mins IC+OG (India + Local), 10 SMS (covers-Africa, Maldives & | more - Set2) | More covered countries: visit www.Airtel.in/IR",Airtel,andra-pradesh-telangana,"2997","365 days","International_roaming,Annual"
74,"International Roaming : 5 GB Data, 200mins IC+OG (India + Local), 20 SMS (covers-US, Europe, Gulf & | more - Set1) 2.5 GB Data, 100mins IC+OG (India + Local), 10 SMS (covers-Africa, Maldives & | more - Set2) | More covered countries: visit www.Airtel.in/IR",Airtel,andra-pradesh-telangana,"2998","30 days",International_roaming
75,"Calls : Unlimited local STD & Roaming | Data : 2GB/day | SMS : 100SMS/day| Details : UNLIMITED 5G data (over & above plan limit), claim on Airtel Thanks App | ; Unlimited 5G Data : Unlimited 5G Data is over and above your plan limit and can be used in 5G Network areas only|Apollo 24|7 Circle : 3 Months, at No Cost|Free Hellotunes : Set any song as Hellotune for Free ; Wynk Music Free : Music, Hellotunes, LIVE Concerts & Podcasts",Airtel,andra-pradesh-telangana,"2999","365 days","Combo,Entertainment,Truly_unlimited,Annual"
76,"Calls : Unlimited local STD & Roaming | Data : 2.5GB/day | SMS : 100SMS/day | Details : Disney+ Hotstar Mobile subscription for 1 year|UNLIMITED 5G data (over & above plan limit), claim on Airtel Thanks App | ; Unlimited 5G Data : Unlimited 5G Data is over and above your plan limit and can be used in 5G Network areas only|Apollo 24|7 Circle : 3 Months, at No Cost|Free Hellotunes : Set any song as Hellotune for Free ; Wynk Music Free : Music, Hellotunes, LIVE Concerts & Podcasts",Airtel,andra-pradesh-telangana,"3359","365 days","Combo,Entertainment,Truly_unlimited,Annual"
77,Talktime: Rs.4237.29,Airtel,andra-pradesh-telangana,"5000",N.A.,Talktime
78,Talktime: Rs.7.47 | Validity: Existing Plan | For users with an active base plan.,BSNL Mobile,andra-pradesh-telangana,"10",N.A.,Talktime
79,VAS Package including SMS and WAP.Plan extension cannot be done with this VAS dedicated STV,BSNL Mobile,andra-pradesh-telangana,"12","12 days",Special_offer
80,"2G/3G Data: 2 GB | Plan extension cannot be done with this voucher.",BSNL Mobile,andra-pradesh-telangana,"16","1 days",Data
81,"2G/3G Data: 1 GB / Day | Unlimited Data Pack | Post FUP Speed: 40 Kbps | Local, STD & Roaming Calls (including MTNL): Unlimited | (Including Delhi and Mumbai)",BSNL Mobile,andra-pradesh-telangana,"18","2 days",Data
82,VAS Package including SMS and WAP.Plan extension cannot be done with this VAS dedicated STV,BSNL Mobile,andra-pradesh-telangana,"19","21 days",Special_offer
83,Talktime: Rs.14.95 | Validity: Existing Plan | For users with an active base plan.,BSNL Mobile,andra-pradesh-telangana,"20",N.A.,Talktime
84,"23 minutes of consultation on IVR.No charge till free minutes and Rs.9/min will be charged after availing free minutes from dedicated STVs.Plan Validity extension cannot be done with this VAS dedicated STVs",BSNL Mobile,andra-pradesh-telangana,"23","30 days",Special_offer
85,Talktime: Rs.22.42 | Validity: Existing Plan | For users with an active base plan.,BSNL Mobile,andra-pradesh-telangana,"30",N.A.,Talktime
86,"31 minutes of consultation on IVR.No charge till free minutes and Rs.9/min will be charged after availing free minutes from dedicated STVs.Plan Validity extension cannot be done with this VAS dedicated STVs",BSNL Mobile,andra-pradesh-telangana,"31","30 days",Special_offer
87,STV is exclusively for the M/s Enterprise customers only,BSNL Mobile,andra-pradesh-telangana,"35","30 days",Enterprise
88,STV is exclusively for the M/s Enterprise customers only,BSNL Mobile,andra-pradesh-telangana,"36","30 days",Enterprise
89,SMS(News Pack: Sports Pack: Jokes Pack: Love Pack: Shayari Pack),BSNL Mobile,andra-pradesh-telangana,"37","30 days",SMS
90,VAS Package including SMS and WAP.Plan extension cannot be done with this VAS dedicated STV,BSNL Mobile,andra-pradesh-telangana,"43","45 days",Special_offer
91,Rs.10 usage value in main account + 20 paisa/min on-net calls + 20 paisa/min off-net calls in home LSA and National roaming including MTNL network in Mumbai and Delhi.Plan extension cannot be done with this voucher,BSNL Mobile,andra-pradesh-telangana,"48","30 days",Special_offer
92,Talktime: Rs.39.37 | Validity: Existing Plan | For users with an active base plan.,BSNL Mobile,andra-pradesh-telangana,"50",N.A.,Talktime
93,STV for Activation/extension of pre-paid International roaming | It is mandatory to replace Normal SIM with International Roaming SIM to avail International Roaming services,BSNL Mobile,andra-pradesh-telangana,"57","30 days",International_roaming
94,ISD SMS @ Rs.3.0/sms | US & Canada @ Rs.1.49/min | Singapore @ Rs.1.49/min | China @ Rs.1.49/min | Bangladesh @ Rs.2.49/min | Malaysia @ Rs.2.49/min | Hong kong @ Rs.2.49/min | Bahrain @ Rs.6.49/min | Nepal @ Rs.9.5/min | This STV will be available in BSNL Home PLMN and national roaming in BSNL network only | This STV will not be applicable in the MTNL areas of Mumbai and Delhi and it will also not be applicable to the following ISD codes of USA/Canada | 1204 1274 1332 1441 1557 1644 1674 1743 1829 1879 1223 1277 1340 1445 1577 1649 1677 1752 1835 1883 1236 1283 1341 1447 1582 1655 1680 1758 1838 1907 1242 1284 1345 1460 1584 1659 1684 1767 1849 1934 1246 1289 1354 1463 1588 1664 1688 1784 1867 1942 1250 1306 1369 1473 1622 1670 1689 1787 1868 1968 1264 1322 1380 1474 1627 1671 1721 1808 1869 1975 1268 1324 1382 1522 1633 1672 1730 1809 1876 1986.Plan validity cannot be extended with this voucher,BSNL Mobile,andra-pradesh-telangana,"65","30 days",International_roaming
95,Bundled free usage 200MB Offered for a promotional period of 60days.,BSNL Mobile,andra-pradesh-telangana,"73","21 days",Data
96,"3G Data: 1 GB / Day | Unlimited Data Pack | Post FUP Speed: 40 Kbps | Local, STD & Roaming Calls: Unlimited",BSNL Mobile,andra-pradesh-telangana,"87","14 days","Combo,Truly_unlimited"
97,"2G/3G Data: 3 GB | Local & STD Calls: 200 minutes",BSNL Mobile,andra-pradesh-telangana,"94","30 days",Combo
98,"2G/3G Data: 2 GB / Day | Unlimited Data Pack | Post FUP Speed: 40 Kbps | Local, STD & Roaming Calls: Unlimited | (including Mumbai and Delhi)",BSNL Mobile,andra-pradesh-telangana,"97","15 days","Combo,Truly_unlimited"
99,"2G/3G Data: 2 GB / Day | Unlimited Data Pack | Post FUP Speed: 40 Kbps",BSNL Mobile,andra-pradesh-telangana,"98","22 days",Data
100,"Local, STD & Roaming Calls: Unlimited | (including while roaming in Mumbai and Delhi)",BSNL Mobile,andra-pradesh-telangana,"99","18 days",Truly_unlimited
101,Talktime: Rs.81.75 | Validity: Existing Plan | For users with an active base plan.,BSNL Mobile,andra-pradesh-telangana,"100",N.A.,Talktime
102,For Validity Extension / Plan Migration customers only | Truly Unlimited voice Local/STD calls any network in Home LSA and national roaming including MTNL network in Mumbai and Delhi + 2GB Data | Applicable only for ANANTH 105.,BSNL Mobile,andra-pradesh-telangana,"105","18 days",Truly_unlimited
103,For Validity Extension / Plan Migration customers only | 3GB free data + 200 Min free voice anynet Local/STD/Roaming incl | MTNL network + free BSNL Tune for 35 days | Applicable only for PremiumPerMin_107.,BSNL Mobile,andra-pradesh-telangana,"107","35 days",Special_offer
104,Talktime: Rs.90.22 | Validity: Existing Plan | For users with an active base plan.,BSNL Mobile,andra-pradesh-telangana,"110",N.A.,Talktime
105,"2G/3G Data: 500 MB / Day | Unlimited Data Pack | Post FUP Speed: 40 Kbps | Local, STD & Roaming Calls: Unlimited | Free PRBT",BSNL Mobile,andra-pradesh-telangana,"118","20 days","Combo,Truly_unlimited"
106,Talktime: Rs.98.69 | Validity: Existing Plan | For users with an active base plan.,BSNL Mobile,andra-pradesh-telangana,"120",N.A.,Talktime
107,"2G/3G Data: 1.5 GB / Day | Unlimited Data Pack | Post FUP Speed: 40 Kbps | Local, STD & Roaming Calls: Unlimited | BSNL TUNE with unlimited SONG change option.(including MTNL network in Mumbai and Delhi).Only for GP2 and beyond GP2 subscribers",BSNL Mobile,andra-pradesh-telangana,"139","28 days","Combo,Truly_unlimited"
108,"2G/3G Data: 10 GB | Local, STD & Roaming Calls: Unlimited | + BSNL tunes.(including MTNL network in Mumbai and Delhi)",BSNL Mobile,andra-pradesh-telangana,"147","30 days","Combo,Truly_unlimited"
109,Talktime: Rs.124.12 | Validity: Existing Plan | For users with an active base plan.,BSNL Mobile,andra-pradesh-telangana,"150",N.A.,Talktime
110,"2G/3G Data: 40 GB | + Zing.",BSNL Mobile,andra-pradesh-telangana,"151","28 days","Data,Entertainment"
111,"For Validity Extension / Plan Migration customers only | Unlimited voice (Local/STD) any-net in Home LSA and National roaming incl | MTNL network in Mumbai and Delhi + Unlimited data with speed reduced to 40Kbps after 1GB/day + 100 SMS/day to Any N/w Including while Roaming in Mumbai and New Delhi + Free PRBT.Charges after freebies are as follows: Voice call charges: Local calls Rs 1/min, STD calls Rs 1.3/min Video Calls : Local/STD:- Rs 2/min SMS: Local 80p/SMS, National: Rs 1.20/SMS International: Rs 5/SMS Data Charges 25p/MB",BSNL Mobile,andra-pradesh-telangana,"153","26 days",Special_offer
112,STV for Activation/extension of pre-paid International roaming | It is mandatory to replace Normal SIM with International Roaming SIM to avail International Roaming services,BSNL Mobile,andra-pradesh-telangana,"167","90 days",International_roaming
113,Local & STD Calls: 23800 seconds,BSNL Mobile,andra-pradesh-telangana,"181","30 days",Talktime
114,"3G Data: 1 GB / Day | Unlimited Data Pack | Post FUP Speed: 40 Kbps | Local, STD & Roaming Calls: Unlimited | SMS: 100 SMS / Day | BSNL Tunes.(including National Roaming With MTNL)",BSNL Mobile,andra-pradesh-telangana,"184","28 days","Combo,Truly_unlimited"
115,"3G Data: 1 GB / Day | Unlimited Data Pack | Post FUP Speed: 40 Kbps | Local, STD & Roaming Calls: Unlimited | SMS: 100 SMS | incl | while roaming in Mumbai and New Delhi +Bundling of Challenges Arena Mobile Gaming Service on Progressive web APP(PWA) by M/S Onmobile Global limited + BSNL Tunes",BSNL Mobile,andra-pradesh-telangana,"185","28 days","Combo,Truly_unlimited"
116,"3G Data: 1 GB / Day | Unlimited Data Pack | Post FUP Speed: 40 Kbps | Local, STD & Roaming Calls: Unlimited | SMS: 100 SMS | Hardy Games service.BSNL Tunes.( including while roaming in Mumbai and New Delhi)",BSNL Mobile,andra-pradesh-telangana,"186","28 days","Combo,Truly_unlimited"
117,"2G/3G Data: 1.5 GB / Day | Unlimited Data Pack | Post FUP Speed: 40 Kbps | Local, STD & Roaming Calls: Unlimited | SMS: 100 SMS / Day | Free PRBT | (Including Mumbai and Delhi)",BSNL Mobile,andra-pradesh-telangana,"187","28 days","Combo,Truly_unlimited"
118,For Validity Extension / Plan Migration customers only | U/L voice calls (Local/STD) any-net in Home LSA and National Roaming (incl | Mumbai and Delhi) for 15 days + UL Data (speed restricted to 40 Kbps after 2GB/day) for 15days + 100 SMS/day for 15 days | Applicable only for PV 197.,BSNL Mobile,andra-pradesh-telangana,"197","70 days",Special_offer
119,"2G/3G Data: 2 GB / Day | Unlimited Data Pack | Post FUP Speed: 40 Kbps | Bundling of Challenges Arena Mobile Gaming Service on Progressive Web App(PWA) by M/s Onmobile Global Limited",BSNL Mobile,andra-pradesh-telangana,"198","40 days",Data
120,"For Validity Extension / Plan Migration customers only | Unlimited voice calls(Local/STD) any-net in Home LSA and national roaming including MTNL network in Mumbai and Delhi + Unlimited data with speed reduced to 40Kbps after 2GB/day + 100 SMS/day to Any N/w Including while Roaming in Mumbai and New Delhi | Charges after freebies are as follows: Voice call charges: Local calls Rs 1/min, STD calls Rs 1.3/min Video Calls : Local/STD:- Rs 2/min SMS: Local 80p/SMS, National: Rs 1.20/SMS International: Rs 5/SMS Data Charges 25p/MB | Applicable only for PV_199.",BSNL Mobile,andra-pradesh-telangana,"199","30 days",Special_offer
121,Talktime: Rs.164.49 | Validity: Existing Plan | For users with an active base plan.,BSNL Mobile,andra-pradesh-telangana,"200",N.A.,Talktime
122,For Validity Extension / Plan Migration customers only | PV for GP-II and beyond GP-II customers only.Free voice 300 min.6GB data.99 SMS.All other terms and conditions as per plan 107.Freebies will be applicable for whole validity period | Applicable only for PV_201.,BSNL Mobile,andra-pradesh-telangana,"201","90 days",Special_offer
123,Talktime: Rs.220.0 | Validity: Existing Plan | For users with an active base plan.,BSNL Mobile,andra-pradesh-telangana,"220",N.A.,Talktime
124,Unlimited voice calls Local/STD/Roaming incl | MTNL network + Unlimited data with speed reduced to 40 kbps after 2GB/day + 100 SMS/day + Bundling of Challenges Arena Mobile Gaming Service on Progressive Web App (PWA) by M/s Onmobile Global Limited,BSNL Mobile,andra-pradesh-telangana,"228","32 days","Combo,Truly_unlimited"
125,"Validity Extension | Unlimited voice (Local/STD) any-net in Home LSA and national roaming incl | MTNL network in Mumbai and Delhi + Unlimited data with speed reduced to 40 Kbps after 2GB/day + free 100 SMS/day + Bundling of Challenges Arena Mobile Gaming Service on Progressive Web App(PWA) by M/s Onmobile Global Ltd | Charges after freebies are as follows: Voice call charges: Local calls Rs 1/min, STD calls Rs 1.3/min Video Calls : Local/STD:- Rs 2/min SMS: Local 80p/SMS, National: Rs 1.20/SMS International: Rs 5/SMS Data Charges 25p/MB(recharge on the same date every month)",BSNL Mobile,andra-pradesh-telangana,"229","32 days","Combo,Truly_unlimited"
126,Unlimited voice calls Local/STD/Roaming incl.MTNL network+ Unlimited data with speed reduced to 40 kbps after 2GB/day+ 100 SMS/day+ Bundling of Challenges Arena Mobile Gaming Service on Progressive Web App (PWA) by M/s Onmobile Global Limited + *Rs.10 Talk value in Main Account balance.*Freebies validity of 1 month is not applicable to Rs.10 in main account balance,BSNL Mobile,andra-pradesh-telangana,"239","32 days","Combo,Truly_unlimited"
127,"2G/3G Data: 50 GB | Unlimited Data Pack | Post FUP Speed: 40 Kbps | Local, STD & Roaming Calls: Unlimited | SMS: 100 SMS / Day | Talktime (Main account): Rs | 10 | EROS NOW Entertainment Services | BSNL Tunes",BSNL Mobile,andra-pradesh-telangana,"247","30 days","Combo,Truly_unlimited,Entertainment"
128,"For Validity Extension / Plan Migration customers only | Truly unlimited voice in Home LSA and National roaming including MTNL roaming area of Delhi and Mumbai + Unlimited Data with speed reduced to 40 kbps after 2GB/day + 100 SMS/day | Freebies validity 45 days | Migration from other Plan not allowed.Charges after freebies are as follows: Voice call charges: Local calls Rs 1/min, STD calls Rs 1.3/min Video Calls : Local/STD:- Rs 2/min SMS: Local 80p/SMS, National: Rs 1.20/SMS International: Rs 5/SMS Data Charges 25p/MB | Applicable only for FRC_249.",BSNL Mobile,andra-pradesh-telangana,"249","45 days","Combo,Truly_unlimited"
129,"2G/3G Data: 70 GB | + Zing.",BSNL Mobile,andra-pradesh-telangana,"251","28 days","Data,Entertainment"
130,U/L voice calls (Local/STD) any-net in Home LSA and National Roaming (incl | Mumbai and Delhi) + U/L Data with speed reduced to 40Kbps after 2GB/day + 100 SMS/ day incl | MTNL area Mumbai and Delhi + BSNL Tunes + EROS Now service + Hardy Mobile Games service by M/s ONE97 communications limited + Challenges Arena Mobile Gaming Service on Progressive Web App(PWA) by M/s Onmobile Global Ltd + Astrotell and GameOn services by M/s Ubarri Marketing Private Limited + GAMEIUM premium gaming application by M/S ADVYSORS INC,BSNL Mobile,andra-pradesh-telangana,"269","28 days","Combo,Truly_unlimited"
131,Intl Roaming STV for Singapore(This pack is valid for roaming into network of M/s StarHub in Singapore).Free Data/ Data Charges Rs 0.5/MB.Free Voice/ Voice charges 30 mins of International Roaming calls which include Outgoing local calls | calls back to India and Incoming Calls only.Call back to India Rs 10.90/min.Outgoing Local call Rs 4.6/min.Outgoing International Rs 52.8/min.Incoming call Rs 2/min.Outgoing SMS Rs 2/SMS.To avail International Roaming services it is is mandatory to replace Normal SIM with International Roaming SIM and recharge of IR STV 57 or 167.,BSNL Mobile,andra-pradesh-telangana,"279","28 days",International_roaming
132,"2G/3G Data: 1 GB / Day | Unlimited Data Pack | Post FUP Speed: 40 Kbps | Local, STD & Roaming Calls: Unlimited | SMS: 100 SMS / Day | EROS NOW Entertainment Services | (including Mumbai and Delhi)",BSNL Mobile,andra-pradesh-telangana,"298","52 days","Combo,Truly_unlimited"
133,"3G Data: 3 GB / Day | Unlimited Data Pack | Post FUP Speed: 40 Kbps | Local, STD & Roaming Calls: Unlimited | SMS: 100 SMS / Day | including MTNL area Mumbai and Delhi",BSNL Mobile,andra-pradesh-telangana,"299","30 days","Combo,Truly_unlimited"
134,"2G/3G Data: 10 GB | Local, STD & Roaming Calls: Unlimited | SMS: 300 SMS | (including MTNL roaming area of Delhi and Mumbai)",BSNL Mobile,andra-pradesh-telangana,"319","65 days","Combo,Truly_unlimited"
135,"3G Data: 2 GB / Day | Unlimited Data Pack | Post FUP Speed: 40 Kbps | Local, STD & Roaming Calls: Unlimited | SMS: 100 SMS | incl | while roaming in Mumbai and New Delhi + Bundling of Challenges Arena Mobile Gaming Service on Progressive web APP(PWA) by M/S Onmobile Global limited",BSNL Mobile,andra-pradesh-telangana,"347","54 days","Combo,Truly_unlimited"
136,For Validity Extension / Plan Migration customers only | Unlimited Voice calls Local/STD/roaming incl | MTNL network for 30 days + Unlimited Data with speed reduced to 40 kbps after 2 GB/day for 30 days +100 SMS/day for 30 days | All Freebies valid for 30 days only | Plan validity is 180 days | Applicable only for PV_397.,BSNL Mobile,andra-pradesh-telangana,"397","180 days","Combo,Truly_unlimited"
137,Unlimited Data with speed reduced to 40kbps after 120GB + Unlimited voice calls in Home LSA and National roaming incl | MTNL network in Delhi/Mumbai + 100 SMS/day in home and national roaming including MTNL network roaming area of Delhi and Mumbai,BSNL Mobile,andra-pradesh-telangana,"398","30 days","Combo,Truly_unlimited"
138,For Validity Extension / Plan Migration customers only | Unlimited free Data with speed reduced to 40Kpbs after 1GB/day + Unlimited free voice calls in home and national roaming including MTNL network roaming area of Delhi and Mumbai + The 100 Free SMS/day will be applicable in home and national roaming including MTNL network roaming area of Delhi and Mumbai + Free BSNL tunes + Lokdhun content | Applicable only for FRC_399.,BSNL Mobile,andra-pradesh-telangana,"399","70 days","Combo,Truly_unlimited"
139,Local & STD Calls: 800 minutes,BSNL Mobile,andra-pradesh-telangana,"401","60 days",Talktime
140,"Local, STD & Roaming Calls: Unlimited | SMS: 300 SMS | (including MTNL network in Mumbai and Delhi)",BSNL Mobile,andra-pradesh-telangana,"439","90 days",Truly_unlimited
141,For Validity Extension / Plan Migration customers only | Unlimited voice calls/Day any-net (Local/STD) in Home LSA and Roaming including Mumbai and Delhi + Unlimited Data with speed restricted to 40 Kbps after 1.5GB Data/day + 100 SMS/day to Any N/w Including while Roaming in Mumbai and New Delhi,BSNL Mobile,andra-pradesh-telangana,"485","82 days","Combo,Truly_unlimited"
142,Roaming STV for UAE.40min Mobile Originated Call(Local).40min Mobile Originated Call to lndia.30min Mobile Terminated Call.Data 100MB.To avail International Roaming services it is is mandatory to replace Normal SIM with International Roaming SIM and recharge of IR STV 57 or 167,BSNL Mobile,andra-pradesh-telangana,"497","1 days",International_roaming
143,"2G/3G Data: 2 GB / Day | Local, STD & Roaming Calls: Unlimited | SMS: 100 SMS / Day | EROS NOW Entertainment Services | BSNL tune + GAMEIUM premium gaming application by M/s ADVYSORS INC (including MTNL area Mumbai and Delhi)",BSNL Mobile,andra-pradesh-telangana,"499","75 days","Combo,Truly_unlimited,Entertainment"
144,Talktime: Rs.500.0 | Validity: Existing Plan | For users with an active base plan.,BSNL Mobile,andra-pradesh-telangana,"500",N.A.,Talktime
145,International roaming calls which includes outgoing/incoming local calls and calls back to India only : 50mins.Calls back to India @ Rs.10.90/min.Outgoing local call @ Rs.4.6/min.Outgoing International call @ Rs.52.8/min.Incoming call @ Rs.2/min.Outgoing SMS @ Rs.2/SMS.Free data 200MB.Data Charges beyond free Data @ Rs0.5/MB.To avail International Roaming services it is is mandatory to replace Normal SIM with International Roaming SIM and recharge of IR STV 57 or 167(Singapore Pack),BSNL Mobile,andra-pradesh-telangana,"511","1 days",International_roaming
146,Talktime: Rs.550.0 | Validity: Existing Plan | For users with an active base plan.,BSNL Mobile,andra-pradesh-telangana,"550",N.A.,Talktime
147,"2G/3G Data: 3 GB / Day | Unlimited Data Pack | Post FUP Speed: 40 Kbps | Local, STD & Roaming Calls: Unlimited | SMS: 100 SMS / Day | Zing+PRBT + Astrotell and GameOn services by M/s Ubarri Marketing Private Limited + along with unlimited free night data during (0000 hours to 0500hours)(including while roaming in Mumbai and Delhi)",BSNL Mobile,andra-pradesh-telangana,"599","84 days","Combo,Truly_unlimited,Entertainment"
148,STV for Prepaid International Roaming.20min Mobile Oriqinated Call(Local).20min Mobile Originated Call to lndia.20min Mobile Terminated Call.Data 50MB.To avail International Roaming services it is mandatory to replace Normal SIM with International Roaming SIM and recharge of IR STV 57 or 167,BSNL Mobile,andra-pradesh-telangana,"659","1 days",International_roaming
149,For Validity Extension / Plan Migration customers only | Unlimited voice calls/Day any-net (Local/STD) in Home LSA and Roaming incl | Mumbai and Delhi + Unlimited data (speed restricted to 40 kbps after 2GB/day) + 100 SMS/day is including MTNL area Mumbai and Delhi + BSNL tune + Bundling of Astrotell and GameOn services by M/s Ubarri Marketing Private Limited | Applicable only for Plan_Voucher_666.,BSNL Mobile,andra-pradesh-telangana,"666","105 days","Combo,Truly_unlimited"
150,"For Validity Extension / Plan Migration customers only | Unlimited free voice calls in home and national roaming including MTNL network roaming area of Delhi and Mumbai.Unlimited free data with speed reduced to 40 kbps after 0.5GB/day.100 SMS/day is including MTNL area Mumbai and Delhi.Free PRBT for first 60 days.Base plan/All other tariff terms and Conditions as per ""Per Min plan"".Charges after freebies are as follows: Voice call charges: Local calls Rs 1/min, STD calls Rs 1.3/min Video Calls : Local/STD:- Rs 2/min SMS: Local 80p/SMS, National: Rs 1.20/SMS International: Rs 5/SMS Data Charges 25p/MB100 SMS/day is including MTNL area Mumbai and Delhi.Free PRBT for first 60 days.Base plan/All other tariff terms and Conditions as per ""Per Min plan"" | Applicable only for PV_699.",BSNL Mobile,andra-pradesh-telangana,"699","130 days","Combo,Truly_unlimited"
151,Free Data/Data Charges : 200 MB/after freebies data to be charged @ Rs.0.65/MB.Free Voice/Voice Charges : 30 Free mins to India/Local outgoing and incoming and 5 sms free.Outgoing SMS charges beyond free SMS @ Rs.3.9/SMS.Call back to India Rs.15.6/min.Outgoing Local Call Rs.5.2/min.Outgoing Intl Rs.52/min.-Incoming call Rs.11/min.Outgoing SMS Rs.3.9/SMS.To avail Intl Roaming services it is is mandatory to replace Normal SIM with Intl Roaming SIM and recharge of IR STV 57 or 167 (Mauritius Pack),BSNL Mobile,andra-pradesh-telangana,"705","1 days","Combo,Special_offer"
152,U/L voice* + U/L Data with speed reduced to 40Kbps after 2GB/day + 100SMS/day + BSNL Tunes + EROS Now Entertainment service + Hardy Mobile Games service by M/s ONE97 communications limited + Challenges Arena Mobile Gaming Service on Progressive Web App(PWA) by M/s Onmobile Global Ltd + Lystn music services provided by M/s Tellyfonic Digital Media + Lokdhun+ Zing + Astrotell and GameOn services? by M/s Ubarri Marketing Private Limited + GAMEIUM premium gaming application by M/s ADVYSORS INC,BSNL Mobile,andra-pradesh-telangana,"769","84 days","Combo,Truly_unlimited,Entertainment"
153,For Validity Extension / Plan Migration customers only | Unlimited Voice calls Local/STD/roaming incl.MTNL network for 60days + Unlimited Data with speed reduced to 40 kbps after 2 GB/day for 60days + 100 SMS/day for 60days.Freebies valid for first 60 days only.Plan validity is 300 days | Applicable only for SPL_ANNUAL_PV_797.,BSNL Mobile,andra-pradesh-telangana,"797","300 days","Combo,Truly_unlimited"
154,Intl Roaming STV for Bhutan.(This pack is valid for roaming into network of M/s B Mobile in Bhutan.).Free Data/ Data Charges: 200MB after free data to be charged at Rs.1.3/MB.Free Voice/ Voice charges: 40 Free Mins to India and local outgoing and incoming.30 Free SMS.call back to India 10.4/min.Outgoing Local call Rs 10.4/min.Outgoing International Rs 54.6/min.Incoming call Rs 4.1/min.Outgoing SMS Rs 2/SMS.To avail Intl Roaming services it is is mandatory to replace Normal SIM with Intl Roaming SIM and recharge of IR STV 57 or 167.,BSNL Mobile,andra-pradesh-telangana,"895","1 days",International_roaming
155,Roaming STV for UAE.120min Mobile Originated Call(Local).60min Mobile Originated Call to lndia.50min Mobile Terminated Call.Data 250MB.To avail International Roaming services it is is mandatory to replace Normal SIM with Intl Roaming SIM and recharge of IR STV 57 or 167,BSNL Mobile,andra-pradesh-telangana,"898","3 days",International_roaming
156,For Validity Extension / Plan Migration customers only | Unlimited voice (Local/STD) (on-net/off-net) in Home LSA and national roaming incl | Mumbai and Delhi + Unlimited Data speed reduced to 40kbps after 2GB/day + 100 SMS/day to Any N/w Including while Roaming in Mumbai and New Delhi for 160 days | PRBT for 2 months.Charges after freebies are as follows: Voice call: Local 2p/sec | Applicable only for PV_997.,BSNL Mobile,andra-pradesh-telangana,"997","160 days","Combo,Truly_unlimited"
157,"For Validity Extension / Plan Migration customers only | Unlimited voice Local/STD calls any net in Home LSA and national roaming including MTNL network in Mumbai and Delhi for 200 days + PRBT for 2 months.Charges after freebies are as follows: Voice call charges: Local calls Rs 1/min, STD calls Rs 1.3/min Video Calls : Local/STD:- Rs 2/min SMS: Local 80p/SMS, National: Rs 1.20/SMS International: Rs 5/SMS Data Charges 25p/MB | Applicable only for PV_999.",BSNL Mobile,andra-pradesh-telangana,"999","200 days","Combo,Truly_unlimited"
158,Talktime: Rs.844.46 | Validity: Existing Plan | For users with an active base plan.,BSNL Mobile,andra-pradesh-telangana,"1000",N.A.,Talktime
159,Talktime: Rs.1100.0 | Validity: Existing Plan | For users with an active base plan.,BSNL Mobile,andra-pradesh-telangana,"1100",N.A.,Talktime
160,Validity Extension | 300min any-net voice calls in Home LSA national roaming including MTNL area of Mumbai and Delhi+3GB Data+30SMS) per month for 12 months/365days | Applicable only for PV_1198.,BSNL Mobile,andra-pradesh-telangana,"1198","365 days","Talktime,Annual"
161,For Validity Extension / Plan Migration customers only | This Plan is applicable for Inactive and Deactive customers only.Unlimited Local/STD/Roaming calls incl | customers Mumbai and Delhi + 24GB + 100 SMS/day | Applicable only for PV_1199 (For Inactive Customers).,BSNL Mobile,andra-pradesh-telangana,"1199","336 days","Combo,Truly_unlimited"
162,STV for Prepaid Intl Roaming.60min Mobile Oriqinated Call(Local).30min Mobile Originated Call to lndia.30min Mobile Terminated Call.Data 100MB.To avail Intl Roaming services it is is mandatory to replace Normal SIM with Intl Roaming SIM and recharge of IR STV 57 or 167.,BSNL Mobile,andra-pradesh-telangana,"1359","3 days",International_roaming
163,Intl Roaming STV for Singapore(This pack is valid for roaming into network of M/s StarHub in Singapore).Free Data/ Data Charges 500MB after free Data to be charged at Rs.0.5/MB.Free Voice/ Voice charges ~140 mins of International Roaming calls which include.Outgoing local calls and calls back to India and Incoming Calls only.Call back to India @ Rs 10.90/min.Outgoing Local call @ Rs 4.6/min.Outgoing International @ Rs 52.8/min.Incoming call @ Rs 2/min.Outgoing SMS @ Rs 2/SMS.To avail International Roaming services it is is mandatory to replace Normal SIM with International Roaming SIM and recharge of IR STV 57 or 167,BSNL Mobile,andra-pradesh-telangana,"1379","7 days",International_roaming
164,"Validity Extension | Unlimited free voice calls in home and national roaming including MTNL network roaming area of Delhi and Mumbai.The 100 Free SMS/day will be applicable in home and national roaming including MTNL network roaming area of Delhi and Mumbai.Base plan/All other tariff terms and Conditions as per Advance Per minute plan 94.Free data 24GB.Charges after freebies are as follows: Voice call charges: Local calls Rs 1/min, STD calls Rs 1.3/min Video Calls : Local/STD:- Rs 2/min SMS: Local 80p/SMS, National: Rs 1.20/SMS International: Rs 5/SMS Data Charges 25p/MB | Applicable only for FRC_1499(Bindas_Bol).",BSNL Mobile,andra-pradesh-telangana,"1499","336 days","Combo,Truly_unlimited"
165,"2G/3G Data: 2 GB / Day | Post FUP Speed: 40 Kbps",BSNL Mobile,andra-pradesh-telangana,"1515","365 days","Data,Annual"
166,"For Validity Extension / Plan Migration customers only | EROS NOW Entertainment Services | 600GB (regular) Data at high speed (Post which unlimited @ 40 Kbps) + U/L voice + 100SMS/day + Free PRBT with unlimited song change option(30 days) + Lokdhun content (30 days) + EROS NOW Entertainment service (30 days).Charges after freebies are as follows: Voice call charges: Local calls Rs 1/min, STD calls Rs 1.3/min Video Calls : Local/STD:- Rs 2/min SMS: Local 80p/SMS, National: Rs 1.20/SMS International: Rs 5/SMS Data Charges 25p/MB | Applicable only for PV_1999.",BSNL Mobile,andra-pradesh-telangana,"1999","365 days","Combo,Truly_unlimited,Entertainment,Annual"
167,Talktime: Rs.2000.0 | Validity: Existing Plan | For users with an active base plan.,BSNL Mobile,andra-pradesh-telangana,"2000",N.A.,Talktime
168,Roaming STV for UAE.200min Mobile Originated Call(Local).200min Mobile Originated Call to lndia.120 min Mobile Terminated Call.Data 1000MB.To avail International Roaming services it is is mandatory to replace Normal SIM with International Roaming SIM and recharge of IR STV 57 or 167,BSNL Mobile,andra-pradesh-telangana,"2199","7 days",International_roaming
169,Intl roaming calls which includes outgoing/incoming local calls and calls back to India only : 200mins.Calls back to India @ Rs.10.90/min.Outgoing local call @ Rs.4.6/min.Outgoing Intl call @ Rs.52.8/min.Incoming call @ Rs.2/min.Outgoing SMS @ Rs.2/SMS.Free data 2GB.Data Charges beyond free Data @ Rs0.5/MB.To avail Intl Roaming services it is is mandatory to replace Normal SIM with Intl Roaming SIM and recharge of IR STV 57 or 167.(Singapore Pack),BSNL Mobile,andra-pradesh-telangana,"2311","28 days",International_roaming
170,"For Validity Extension / Plan Migration customers only | Unlimited voice Local/STD calls any net in Home LSA and national roaming incl | MTNL network in Mumbai and Delhi + Unlimited data (speed reduced to 40 kbps after 2GB/day) + 100 SMS/day including MTNL area Mumbai and Delhi + Free PRBT for 30 days + Free EROS Now entertainment services for 30days+Lokdhun for 30 daysCharges after freebies are as follows: Voice call charges: Local calls Rs 1/min, STD calls Rs 1.3/min Video Calls : Local/STD:- Rs 2/min SMS: Local 80p/SMS, National: Rs 1.20/SMS International: Rs 5/SMS Data Charges 25p/MB | Applicable only for PV_2399.",BSNL Mobile,andra-pradesh-telangana,"2399","395 days","Combo,Truly_unlimited,Entertainment,Annual"
171,Intl Roaming STV for Mauritus.(This pack is valid for roaming into network of M/s MTML in Mauritus).Free Data/ Data Charges :1GB (after free Data to be charged at Rs.0.65/MB.Free Voice/ Voice charges: 100 Free Mins to India and local outgoing and incoming.50 Free SMSs.call back to India Rs 15.6/min.Outgoing Local call Rs 5.2/min.Outgoing International Rs 52/min.Incoming call Rs 11/min.Free SMS 50.Outgoing SMS Rs 3.9/SMS.To avail Intl Roaming services it is is mandatory to replace Normal SIM with Intl Roaming SIM and recharge of IR STV 57 or 167.,BSNL Mobile,andra-pradesh-telangana,"2875","7 days",International_roaming
172,Intl Roaming STV for Bhutan.(This pack is valid for roaming into network of M/s B Mobile in Bhutan.).Free Data/ Data Charges:- 500MB after free data to be charged at Rs.1.3/MB.Free Voice/ Voice charges:175 Free Mins to India and LOCAL outgoing and incoming.50 Free SMSs.call back to India Rs 10.4/min.Outgoing Local call Rs 10.4/min.Outgoing Intl Rs 54.6/min.Incoming call Rs 4.1/min.Outgoing SMS Rs 2/SMS.To avail Intl Roaming services it is is mandatory to replace Normal SIM with Intl Roaming SIM and recharge of IR STV 57 or 167.,BSNL Mobile,andra-pradesh-telangana,"2895","7 days",International_roaming
173,"For Validity Extension / Plan Migration customers only | Unlimited voice Local/STD calls any net in Home LSA and national roaming incl | ExtMTNL network in Mumbai and Delhi + Unlimited data (speed reduced to 40 kbps after 3GB/day) + 100 SMS/day including MTNL area Mumbai and Delhi.Charges after freebies are as follows: Voice call charges: Local calls Rs 1/min, STD calls Rs 1.3/min Video Calls : Local/STD:- Rs 2/min SMS: Local 80p/SMS, National: Rs 1.20/SMS International: Rs 5/SMS Data Charges 25p/MB | Applicable only for PV_2999.",BSNL Mobile,andra-pradesh-telangana,"2999","365 days","Combo,Truly_unlimited,Annual"
174,"STV for Prepaid Intl Roaming.100min Mobile Oriqinated Call(Local).100min Mobile Originated Call to lndia.100min Mobile Terminated Call.Data 500MB.Please activate IR STV 57 before activation of this STV for enabling Intl Roaming facility.To avail Intl Roaming services it is is mandatory to replace Normal SIM with Intl Roaming SIM and recharge of IR STV 57 or 167.(SriLanka,Canada Pack)",BSNL Mobile,andra-pradesh-telangana,"3495","7 days",International_roaming
175,Free Data/Data Charges : 1.5GB/after freebies data to be charged @ Rs.0.65/MB.Free Voice/Voice Charges : 140 Free mins to India/Local outgoing and incoming and 50 sms free.Outgoing SMS charges beyond free SMS @ Rs.3.9/SMS.Call back to India Rs.15.6/min.Outgoing Local Call Rs.5.2/min.Outgoing Intl Rs.52/min.Incoming call Rs.11/min.Outgoing SMS Rs.3.9/SMS.To avail Intl Roaming services it is is mandatory to replace Normal SIM with Intl Roaming SIM and recharge of IR STV 57 or 167.,BSNL Mobile,andra-pradesh-telangana,"3905","28 days","Combo,Truly_unlimited,International_roaming"
176,Intl Roaming STV for Bhutan.(This pack is valid for roaming into network of M/s B Mobile in Bhutan.).Free Data/ Data Charges 1GB after:- free Data to be charged at Rs.1.3/MB.Free Voice/ Voice charges:-260 Free Mins to India and local outgoing and incoming.100 Free SMS.call back to India Rs 10.4/min.Outgoing Local call Rs 10.4/min.Outgoing Intl Rs 54.6/min.Incoming call Rs 4.1/min.Outgoing SMS Rs2/SMS.To avail Intl Roaming services it is is mandatory to replace Normal SIM with Intl Roaming SIM and recharge of IR STV 57 or 167.,BSNL Mobile,andra-pradesh-telangana,"4865","28 days",International_roaming
177,Talktime: Rs.5000.0 | Validity: Existing Plan | For users with an active base plan.,BSNL Mobile,andra-pradesh-telangana,"5000",N.A.,Talktime
178,Talktime: Rs 7.47 Validity: Unlimited Talktime can also be used for International Services,Jio,andra-pradesh-telangana,"10",N.A.,Talktime
179,Data: 1 GB Validity: Existing Plan For users with an active validity plan,Jio,andra-pradesh-telangana,"15",N.A.,Data
180,Data: 1.5 GB Validity: Existing Plan For users with an active validity plan,Jio,andra-pradesh-telangana,"19",N.A.,Data
181,Talktime: Rs 14.95 Validity: Unlimited Talktime can also be used for International Services,Jio,andra-pradesh-telangana,"20",N.A.,Talktime
182,Data: 2 GB Validity: Existing Plan For users with an active validity plan,Jio,andra-pradesh-telangana,"25",N.A.,Data
183,For JioPhone Customers only Data: 2 GB Voice : NA SMS : NA Validity: 28 Days,Jio,andra-pradesh-telangana,"26","28 days",Jio_phone
184,Data: 2.5 GB Validity: Existing Plan For users with an active validity plan,Jio,andra-pradesh-telangana,"29",N.A.,Data
185,Talktime: Rs 39.37 Validity: Unlimited Talktime can also be used for International Services,Jio,andra-pradesh-telangana,"50",N.A.,Talktime
186,Data: 6 GB Validity: Existing Plan For users with an active validity plan,Jio,andra-pradesh-telangana,"61",N.A.,Data
187,For JioPhone Customers only Data: 6 GB Voice : NA SMS : NA Validity: 28 Days,Jio,andra-pradesh-telangana,"62","28 days",Jio_phone
188,For JioPhone Customers only Data: 2.5GB (0.1GB/day + 200MB) Voice: Unlimited Calls SMS : 50 Validity : 23 Days Complimentary subscription to Jio Apps,Jio,andra-pradesh-telangana,"75","23 days",Jio_phone
189,For JioPhone Customers only Data: 0.5 GB/Day Voice : NA SMS : NA Validity: 28 days,Jio,andra-pradesh-telangana,"86","28 days",Jio_phone
190,For JioPhone Customers only Data: 3GB (0.1GB/day + 200MB) Voice: Unlimited Calls SMS : 50 Validity : 28 Days Complimentary subscription to Jio Apps,Jio,andra-pradesh-telangana,"91","28 days",Jio_phone
191,Talktime: Rs 81.75 Validity: Unlimited Talktime can also be used for International Services,Jio,andra-pradesh-telangana,"100",N.A.,Talktime
192,Data: 12 GB Validity: Existing Plan For users with an active validity plan,Jio,andra-pradesh-telangana,"121",N.A.,Data
193,For JioPhone Customers only Data: 1 GB/Day Voice : NA SMS : NA Validity: 28 Days,Jio,andra-pradesh-telangana,"122","28 days",Jio_phone
194,For JioPhone Customers only Data: 0.5GB/day Voice: Unlimited Calls SMS : 300 Validity :23 days Complimentary subscription to Jio Apps,Jio,andra-pradesh-telangana,"125","23 days",Jio_phone
195,Data: 1 GB/day Voice: Unlimited Calls SMS : 100 SMS/day Validity : 20 Days Complimentary subscription to Jio Apps,Jio,andra-pradesh-telangana,"149","20 days","Data,Jio_apps"
196,For JioPhone Customers only Data: 0.5GB/day Voice: Unlimited Calls SMS : 300 Validity : 28 Days Complimentary subscription to Jio Apps,Jio,andra-pradesh-telangana,"152","28 days",Jio_phone
197,Data: 1 GB/day Voice: Unlimited Calls SMS : 100 SMS/day Validity : 24 Days Complimentary subscription to Jio Apps,Jio,andra-pradesh-telangana,"179","24 days","Combo,Truly_unlimited,Jio_apps"
198,Data: 30 GB Voice : NA SMS : NA Validity: 30 Days,Jio,andra-pradesh-telangana,"181","30 days",Data
199,For JioPhone Customers only Data: 2 GB/Day Voice : NA SMS : NA Validity: 28 Days,Jio,andra-pradesh-telangana,"182","28 days",Jio_phone
200,For JioPhone Customers only Data: 1 GB/day Voice: Unlimited Calls SMS : 100 SMS/day Validity : 28 Days Complimentary subscription to Jio Apps,Jio,andra-pradesh-telangana,"186","28 days",Jio_phone
201,"Data: 1.5 GB/day, Voice: Unlimited Calls, SMS : 100 SMS/day Validity : 23 Days Complimentary subscription to Jio Apps Dont miss! Recharge with Rs.249 Plan & get 20% upto Rs.200 Cashback from JioMart",Jio,andra-pradesh-telangana,"199","23 days","Truly_unlimited,Jio_apps"
202,Data: 3 GB/day + 2 GB Voice: Unlimited Calls SMS : 100 SMS/day Validity: 14 Days Complimentary subscription to Jio Apps,Jio,andra-pradesh-telangana,"219","14 days","Truly_unlimited,Jio_apps"
203,Data: 50 GB Voice : NA SMS : NA For users with an active validity Plan,Jio,andra-pradesh-telangana,"222",N.A.,Data
204,For JioPhone Customers only: Data: 56 GB (2GB/Day ) Voice: Unlimited Calls SMS : 100 SMS/day Validity: 28 Days Complimentary subscription to Jio Apps,Jio,andra-pradesh-telangana,"223","28 days",Jio_phone
205,"Data: 1.5 GB/day, Voice: Unlimited Calls SMS : 100 SMS/day Validity : 28 Days Complimentary subscription to Jio Apps",Jio,andra-pradesh-telangana,"239","28 days","Truly_unlimited,Jio_apps"
206,Data: 40 GB Voice : NA SMS : NA Validity: 30 Days,Jio,andra-pradesh-telangana,"241","30 days",Data
207,Data: 2 GB/day Voice: Unlimited Calls SMS : 100 SMS/day Validity : 23 Days Complimentary subscription to Jio Apps,Jio,andra-pradesh-telangana,"249","23 days","Combo,Truly_unlimited,Jio_apps"
208,"Data: 1.5 GB/day Voice: Unlimited Calls SMS : 100 SMS/day Validity : 1 Month Complimentary subscription to Jio AppsNote: The New plan has CALENDAR MONTH VALIDITY, PLAN RENEWS ON THE SAME DATE EVERY MONTH",Jio,andra-pradesh-telangana,"259","32 days","Truly_unlimited,Jio_apps"
209,Data: 1.5 GB/Day Voice: Unlimited Calls SMS : 100 SMS/day Validity: 28 Days Subscription to JioSaavn Pro Complimentary subscription to Jio Apps Note - To activate JioSaavn Pro subscription login to JioSaavn app with your Jio number,Jio,andra-pradesh-telangana,"269","28 days","Truly_unlimited,Jio_apps"
210,Data: 25 GB Voice: Unlimited Calls SMS : 100 SMS/day Validity: 30 Days Complimentary subscription to Jio Apps,Jio,andra-pradesh-telangana,"296","30 days","Combo,Truly_unlimited,Jio_apps"
211,"Data: 2 GB/day, Voice: Unlimited Calls SMS : 100 SMS/day Validity : 28 Days Complimentary subscription to Jio Apps",Jio,andra-pradesh-telangana,"299","28 days","Truly_unlimited,Jio_apps"
212,Data: 50 GB Voice : NA SMS : NA Validity: 30 Days,Jio,andra-pradesh-telangana,"301","30 days",Data
213,Data: 2.5 GB/day Voice: Unlimited Calls SMS: 100 SMS/day Validity: 30 Days Complimentary subscription to Jio Apps,Jio,andra-pradesh-telangana,"349","30 days","Truly_unlimited,Jio_apps"
214,Data: 3 GB/day + 6 GB Voice: Unlimited Calls SMS : 100 SMS/day Validity: 28 Days Complimentary subscription to Jio Apps,Jio,andra-pradesh-telangana,"399","28 days","Truly_unlimited,Jio_apps"
215,Data: 100 GB Voice : NA SMS : NA Validity: 60 Days,Jio,andra-pradesh-telangana,"444","60 days",Data
216,Data: 1.5 GB/day Voice: Unlimited Calls SMS : 100 SMS/day Validity : 56 Days Complimentary subscription to Jio Apps,Jio,andra-pradesh-telangana,"479","56 days","Combo,Truly_unlimited,Jio_apps"
217,"IR Travel Pass Outgoing calls to India & Local: 100 mins Incoming Call: FREE Mobile Data: 250 MB high speed data thereafter unlimited at 64 kbps SMS: 100 Validity: 1 day Applicable in top 32 countries including US, UK, UAE, Saudi, Canada, Thailand, Singapore, Germany etc | Please visit https://www.Jio.com/selfcare/plans/mobility/Jio-international-roaming-plans/?country=check for more details on country and partner network",Jio,andra-pradesh-telangana,"499","1 days",International_roaming
218,"ISD Talktime: Rs | 424.58 and 5 ISD SMS, Talktime can be used only for making ISD calls and ISD SMS while in India.Validity: 28 Days For ISD Call rates",Jio,andra-pradesh-telangana,"501","28 days",Talktime
219,Data: 1.5 GB/Day Voice: Unlimited Calls SMS : 100 SMS/day Validity: 56 Days Subscription to JioSaavn Pro Complimentary subscription to Jio Apps Note - To activate JioSaavn Pro subscription login to JioSaavn app with your Jio number,Jio,andra-pradesh-telangana,"529","56 days","Truly_unlimited,Jio_apps"
220,Data: 2 GB/day Voice: Unlimited Calls SMS : 100 SMS/day Validity : 56 Days Complimentary subscription to Jio Apps,Jio,andra-pradesh-telangana,"533","56 days","Truly_unlimited,Jio_apps"
221,Data Only Pack Data: 55 GB Voice : NA SMS : NA Validity: 55 Days Complimentary subscription to Jio Apps,Jio,andra-pradesh-telangana,"555","55 days","Data,Jio_apps"
222,Data: 2 GB/Day Voice: Unlimited Calls SMS : 100 SMS/day Validity: 56 Days Subscription to JioSaavn Pro Complimentary subscription to Jio Apps Note - To activate JioSaavn Pro subscription login to JioSaavn app with your Jio number,Jio,andra-pradesh-telangana,"589","56 days","Combo,Truly_unlimited,Jio_apps"
223,"Data: 1.5 GB/day, Voice: Unlimited Calls SMS : 100 SMS/day Validity: 84 Days Complimentary subscription to Jio Apps",Jio,andra-pradesh-telangana,"666","84 days","Truly_unlimited,Jio_apps"
224,Data: 150 GB Voice : NA SMS : NA Validity: 90 Days,Jio,andra-pradesh-telangana,"667","90 days",Data
225,Data: 2 GB/day Voice: Unlimited Calls SMS : 100 SMS/day Validity: 84 Days Complimentary subscription to Jio Apps,Jio,andra-pradesh-telangana,"719","84 days","Truly_unlimited,Jio_apps"
226,Data: 1.5 GB/Day Voice: Unlimited Calls SMS : 100 SMS/day Validity: 84 Days Subscription to JioSaavn Pro Complimentary subscription to Jio Apps Note - To activate JioSaavn Pro subscription login to JioSaavn app with your Jio number,Jio,andra-pradesh-telangana,"739","84 days","Truly_unlimited,Jio_apps"
227,Data: 2 GB/day Voice: Unlimited Calls SMS : 100 SMS/day Validity : 90 Days Complimentary subscription to Jio Apps,Jio,andra-pradesh-telangana,"749","90 days","Truly_unlimited,Jio_apps"
228,Data: 2 GB/Day Voice: Unlimited Calls SMS : 100 SMS/day Validity: 84 Days Subscription to JioSaavn Pro Complimentary subscription to Jio Apps Note - To activate JioSaavn Pro subscription login to JioSaavn app with your Jio number,Jio,andra-pradesh-telangana,"789","84 days","Truly_unlimited,Jio_apps"
229,For JioPhone Customers only : Data: 2 GB/28 days (12 cycles) Voice: Unlimited Calls SMS : 50 SMS for 28 days (12 cycles) Validity : 336 Days ( 28 days*12 cycles) Complimentary subscription to Jio Apps,Jio,andra-pradesh-telangana,"895","336 days","Truly_unlimited,Jio_apps,Annual"
230,Data: 3 GB/day + 40 GB Voice: Unlimited Calls SMS : 100 SMS/day Validity: 84 Days Complimentary subscription to Jio Apps,Jio,andra-pradesh-telangana,"999","84 days","Truly_unlimited,Jio_apps"
231,Talktime: Rs 844.46 Validity: Unlimited Talktime can also be used for International Services,Jio,andra-pradesh-telangana,"1000",N.A.,Talktime
232,Netflix (Mobile) Subscription : Data: 2 GB/Day Voice: Unlimited Calls SMS : 100 SMS/day Validity: 84 Days Subscription to Netflix (Mobile) Complimentary subscription to Jio Apps,Jio,andra-pradesh-telangana,"1099","84 days","Combo,Truly_unlimited,Jio_apps,Entertainment"
233,Global Pack without Wifi Calling Monetary value of Rs | 933.05 and 5 ISD SMS | Monetary Value can be used on International Roaming in around 130+ countries | Validity: 28 days | For more information on covered countries,Jio,andra-pradesh-telangana,"1101","28 days",
234,Netflix (Basic) Subscription : Data: 3 GB/Day + 40 GB Voice: Unlimited Calls SMS : 100 SMS/day Validity: 84 Days Subscription to Netflix (Basic) Complimentary subscription to Jio Apps,Jio,andra-pradesh-telangana,"1499","84 days","Truly_unlimited,Jio_apps,Entertainment"
235,"IR Travel Pass Outgoing calls to India & Local: 100 mins/day Incoming Call: FREE Mobile Data: 250 MB/day high speed data thereafter unlimited at 64 kbps SMS: 100/day Validity: 10 days Applicable in top 32 countries including US, UK, UAE, Saudi, Canada, Thailand, Singapore, Germany etc | Please visit https://www.Jio.com/selfcare/plans/mobility/Jio-international-roaming-plans/?country=check for more details on country and partner network",Jio,andra-pradesh-telangana,"2499","10 days",International_roaming
236,Data: 1.5 GB/day Voice: Unlimited Calls SMS : 100 SMS/day Validity: 336 Days Complimentary subscription to Jio Apps,Jio,andra-pradesh-telangana,"2545","336 days","Truly_unlimited,Jio_apps,Annual"
237,"IR Travel Pass Outgoing calls to India & Local: 1500 mins Incoming Call: FREE Mobile Data: 5 GB high speed data thereafter unlimited at 64 kbps SMS: 1500 Validity: 30 days Applicable in top 32 countries including US, UK, UAE, Saudi, Canada, Thailand, Singapore, Germany etc | Please visit https://www.Jio.com/selfcare/plans/mobility/Jio-international-roaming-plans/?country=check for more details on country and partner network",Jio,andra-pradesh-telangana,"4999","30 days",International_roaming
238,"2G/3G Data: 120 MB",MTNL,delhi-ncr,"4","1 days",Data
239,SMS: 70 SMS,MTNL,delhi-ncr,"9","7 days",SMS
240,Talktime: Rs.8.0,MTNL,delhi-ncr,"10",N.A.,Talktime
241,Local Calls: 50 minutes,MTNL,delhi-ncr,"11","1 days",Special_offer
242,"Plan Migration | Local Own 1p/2Sec, Local Other 1p/1Sec, STD 1p/1Sec; Roaming(MT/MO-InCircle/MO-OutCircle)-Free/80p/115p per Min | Applicable only for Pay Per SECOND.",MTNL,delhi-ncr,"14","30 days",Special_offer
243,Plan Migration | Local&STD 1p/1Sec;Roaming(MT/MO- InCircle/MO-OutCircle)-Free/ 4p/5p per 3Sec,MTNL,delhi-ncr,"16","30 days",Special_offer
244,Plan Migration | All local/STD Call 50p/Min,MTNL,delhi-ncr,"17","90 days",Special_offer
245,"2G/3G Data: 750 MB",MTNL,delhi-ncr,"19","2 days",Data
246,Talktime: Rs.16.0,MTNL,delhi-ncr,"20",N.A.,Talktime
247,STD Calls: 50 minutes,MTNL,delhi-ncr,"21","1 days",STD
248,"Plan Migration | Local(Own/Other) 30p/50p per Min, STD 60p/Min",MTNL,delhi-ncr,"22","90 days",Special_offer
249,Talktime: Rs.26.0,MTNL,delhi-ncr,"30",N.A.,Talktime
250,SMS: 300 SMS,MTNL,delhi-ncr,"31","30 days",SMS
251,"2G/3G Data: 2.5 GB",MTNL,delhi-ncr,"42","3 days",Data
252,Plan Migration | -Local&STD 1p/1Sec;Roaming(MT/MO- InCircle/MO-OutCircle)-Free/ 4p/5p per 3Sec,MTNL,delhi-ncr,"43","90 days",Special_offer
253,"2G/3G Data: 1.5 GB / Day | Local, STD & Roaming Calls: Unlimited | SMS: 100 SMS / Day",MTNL,delhi-ncr,"44","7 days","Combo,Truly_unlimited"
254,"Plan Migration | Local Own 1p/2Sec, Local Other 1p/1Sec, STD 1p/1Sec; Roaming(MT/MO-InCircle/MO-OutCircle)-Free/80p/115p per Min | Applicable only for Pay Per SECOND.",MTNL,delhi-ncr,"45","90 days",Special_offer
255,Extension of SIM/ Account Validity to 90 days with 500 free SMS (MTNL Delhi GSM),MTNL,delhi-ncr,"47","90 days",SMS
256,Plan Migration | All local/STD Call 50 Paisa; Free 30 local min and 30 STD Min for 30 Days,MTNL,delhi-ncr,"48","90 days",Special_offer
257,"2G/3G Data: 2 GB",MTNL,delhi-ncr,"51","30 days",Data
258,"2G/3G Data: 1 GB | All MTNL to MTNL Calls: Unlimited | All MTNL to Other Calls: 200 minutes | SMS: 100 SMS",MTNL,delhi-ncr,"52","28 days",Combo
259,"Plan Migration | Local(Own/Other) 30p/50p per Min, STD 60p/Min ; Free 30 local min, 30 STD Min for 30 Days",MTNL,delhi-ncr,"53","90 days",Special_offer
260,"2G/3G Data: 6 GB",MTNL,delhi-ncr,"76","7 days",Data
261,Talktime: Rs.76.0,MTNL,delhi-ncr,"80",N.A.,Talktime
262,"2G/3G Data: 1.5 GB / Day | Local, STD & Roaming Calls: Unlimited | SMS: 100 SMS / Day",MTNL,delhi-ncr,"82","14 days","Combo,Truly_unlimited"
263,SMS: 1000 SMS,MTNL,delhi-ncr,"89","30 days",SMS
264,"2G/3G Data: 5 GB",MTNL,delhi-ncr,"99","30 days",Data
265,Talktime: Rs.100.0,MTNL,delhi-ncr,"100",N.A.,Talktime
266,"3G Data: 110 MB | Local MTNL to MTNL: 34 minutes | STD MTNL to MTNL: 26 minutes | All Video Calls: 30 minutes | Local MTNL to MTNL: 34 SMS | National MTNL to MTNL: 26 SMS",MTNL,delhi-ncr,"109","10 days",Combo
267,Local MTNL to MTNL Mobile: Unlimited,MTNL,delhi-ncr,"121","30 days",Special_offer
268,"2G/3G Data: 1.5 GB / Day | Local, STD & Roaming Calls: Unlimited | SMS: 100 SMS / Day",MTNL,delhi-ncr,"145","28 days","Combo,Truly_unlimited"
269,Talktime: Rs.205.0,MTNL,delhi-ncr,"200",N.A.,Talktime
270,"Lifetime Validity *1825 days, i.e | 5 yrs ,Further extended if the customer obliges/agrees with Terms & condition of MTNL prevailing at that time",MTNL,delhi-ncr,"225","1825 days",Special_offer
271,Talktime: Rs.310.0,MTNL,delhi-ncr,"300",N.A.,Talktime
272,"3G Data: 310 MB | Local MTNL to MTNL: 106 minutes | STD MTNL to MTNL: 80 minutes | All Video Calls: 100 minutes | Local SMS: 106 SMS | National SMS: 80 SMS",MTNL,delhi-ncr,"309","30 days",Combo
273,Talktime: Rs.520.0,MTNL,delhi-ncr,"500",N.A.,Talktime
274,Talktime: Rs.790.0,MTNL,delhi-ncr,"750",N.A.,Talktime
275,Talktime: Rs.1077.0,MTNL,delhi-ncr,"1000",N.A.,Talktime
276,"3G Data: 40 GB | Local & STD Calls: Unlimited | SMS: 1000 SMS | (home n/w and MTNL Mumbai n/w)",MTNL,delhi-ncr,"1097","365 days","Combo,Truly_unlimited,Annual"
277,"2G/3G Data: 2 GB / Day",MTNL,delhi-ncr,"1449","365 days","Data,Annual"
278,Talktime: Rs.1665.0,MTNL,delhi-ncr,"1500",N.A.,Talktime
279,Talktime: Rs.2525.0,MTNL,delhi-ncr,"2250",N.A.,Talktime
280,Talktime: Rs.3100.0,MTNL,delhi-ncr,"2700",N.A.,Talktime
